sheet,cell,formula,cached_value
Gear,C2,GearMath!C2,0
Gear,C3,GearMath!C3,0
Gear,C4,GearMath!C4,0
Gear,C5,GearMath!C5,0
Gear,C21,GearMath!D21+(GearMath!E21*GearMath!$D$20),3000
Gear,E21,GearMath!G21+(GearMath!D20*GearMath!H21),0.12
Gear,C22,GearMath!D22+(GearMath!E22*GearMath!$D$20),100
Gear,E22,GearMath!G22+(GearMath!D20*GearMath!H22),0.12
Gear,C23,GearMath!D23+(GearMath!E23*GearMath!$D$20),100
Gear,C24,GearMath!D24+(GearMath!E24*GearMath!$D$20),300
Gear,C27,GearMath!D27+(GearMath!E27*GearMath!$D$26),3000
Gear,E27,GearMath!G27+(GearMath!D26*GearMath!H27),120
Gear,C28,GearMath!D28+(GearMath!E28*GearMath!$D$26),100
Gear,E28,GearMath!G28+(GearMath!D26*GearMath!H28),3200000
Gear,C29,GearMath!D29+(GearMath!E29*GearMath!$D$26),300
Gear,E29,GearMath!G29+(GearMath!D26*GearMath!H29),24
Gear,C30,GearMath!D30+(GearMath!E30*GearMath!$D$26),100
Gear,E30,GearMath!G30+(GearMath!D26*GearMath!H30),120000
Gear,C33,GearMath!D33+(GearMath!E33*(GearMath!$D$32)),1000
Gear,E33,GearMath!G33+(GearMath!H33*(GearMath!$D$32)),0.096
Gear,C34,GearMath!D34+(GearMath!E34*(GearMath!$D$32)),100
Gear,C35,GearMath!D35+(GearMath!E35*(GearMath!$D$32)),100
Gear,C36,GearMath!D36+(GearMath!E36*(GearMath!$D$32)),500
Gear,D40,"if(Gear!H40<2,0,Gear!H40-1)",0
Gear,C41,D41+(E41*$D$40),3000
Gear,G41,J41+K41*D40,0.12
Gear,D46,"if(Gear!H46<2,0,Gear!H46-1)",0
Gear,C47,D47+(E47*$D$46),1000
Gear,G47,J47+K47*D46,0.12
Gear,D52,"if(Gear!H52<2,0,Gear!H52-1)",0
Gear,C53,D53+(E53*$D$52),3000
Gear,G53,J53+K53*D52,1920
Gear,C59,GearMath!D59+(GearMath!E59*GearMath!$D$58),1000
Gear,E59,GearMath!G59+(GearMath!H59*GearMath!D58),0.24
Gear,C60,GearMath!D60+(GearMath!E60*GearMath!$D$58),300
Gear,C61,GearMath!D61+(GearMath!E61*GearMath!$D$58),100
Gear,C62,GearMath!D62+(GearMath!E62*GearMath!$D$58),300
Gear,D64,"if(Gear!H64<2,0,Gear!H64-1)",0
Gear,C65,D65+(E65*$D$64),1000
Gear,G65,J65+K65*D64,0.12
Gear,C71,GearMath!D71+(GearMath!E71*GearMath!$D$70),1000
Gear,E71,GearMath!G71+GearMath!H71*GearMath!D70,720
Gear,C72,GearMath!D72+(GearMath!E72*GearMath!$D$70),300
Gear,C73,GearMath!D73+(GearMath!E73*GearMath!$D$70),100
Gear,C74,GearMath!D74+(GearMath!E74*GearMath!$D$70),300
Gear,C77,GearMath!D77+(GearMath!E77*GearMath!$D$76),1000
Gear,E77,GearMath!G77+(GearMath!H77*GearMath!D76),0.12
Gear,C78,GearMath!D78+(GearMath!E78*GearMath!$D$76),300
Gear,C79,GearMath!D79+(GearMath!E79*GearMath!$D$76),100
Gear,C80,GearMath!D80+(GearMath!E80*GearMath!$D$76),300
Gear,C84,GearMath!D84+(GearMath!E84*GearMath!$D$83),1000
Gear,E84,GearMath!G84+GearMath!H84*GearMath!D83,0.24
Gear,C85,GearMath!D85+(GearMath!E85*GearMath!$D$83),500
Gear,E85,GearMath!G85+GearMath!H85*GearMath!D83,0.36
Gear,C86,GearMath!D86+(GearMath!E86*GearMath!$D$83),100
Gear,C87,GearMath!D87+(GearMath!E87*GearMath!$D$83),100
Gear,C90,GearMath!D90+(GearMath!E90*GearMath!$D$89),1000
Gear,E90,GearMath!G90+GearMath!H90*GearMath!D89,360
Gear,C91,GearMath!D91+(GearMath!E91*GearMath!$D$89),500
Gear,E91,GearMath!G91+GearMath!H91*GearMath!D89,0.12
Gear,C92,GearMath!D92+(GearMath!E92*GearMath!$D$89),100
Gear,C93,GearMath!D93+(GearMath!E93*GearMath!$D$89),100
Gear,C96,GearMath!D96+(GearMath!E96*GearMath!$D$95),1000
Gear,E96,GearMath!G96+GearMath!H96*GearMath!$D$95,240
Gear,C97,GearMath!D97+(GearMath!E97*GearMath!$D$95),500
Gear,E97,GearMath!G97+GearMath!H97*GearMath!$D$95,240
Gear,C98,GearMath!D98+(GearMath!E98*GearMath!$D$95),100
Gear,E98,GearMath!G98+GearMath!H98*GearMath!$D$95,240
Gear,C99,GearMath!D99+(GearMath!E99*GearMath!$D$95),100
Gear,E99,GearMath!G99+GearMath!H99*GearMath!$D$95,240
Gear,E100,GearMath!G100+GearMath!H100*GearMath!$D$95,240
Gear,C103,GearMath!D103+(GearMath!E103*GearMath!$D$102),1000
Gear,E103,GearMath!G103+GearMath!H103*GearMath!D$102,360
Gear,C104,GearMath!D104+(GearMath!E104*GearMath!$D$102),500
Gear,E104,GearMath!G104+GearMath!H104*GearMath!D$102,0.12
Gear,C105,GearMath!D105+(GearMath!E105*GearMath!$D$102),100
Gear,E105,GearMath!G105+GearMath!H105*GearMath!D$102,0.12
Gear,C106,GearMath!D106+(GearMath!E106*GearMath!$D$102),100
Gear,C109,GearMath!D109+(GearMath!E109*GearMath!$D$108),1000
Gear,E109,GearMath!G109+GearMath!H109*GearMath!D$108,360
Gear,C110,GearMath!D110+(GearMath!E110*GearMath!$D$108),100
Gear,E110,GearMath!G110+GearMath!H110*GearMath!D$108,48
Gear,C111,GearMath!D111+(GearMath!E111*GearMath!$D$108),100
Gear,E111,GearMath!G111+GearMath!H111*GearMath!D$108,48
Gear,C112,GearMath!D112+(GearMath!E112*GearMath!$D$108),500
Gear,C115,GearMath!D115+(GearMath!E115*GearMath!$D$114),1000
Gear,E115,GearMath!G115+GearMath!H115*GearMath!D$114,360
Gear,C116,GearMath!D116+(GearMath!E116*GearMath!$D$114),500
Gear,E116,GearMath!G116+GearMath!H116*GearMath!D$114,0.12
Gear,C117,GearMath!D117+(GearMath!E117*GearMath!$D$114),100
Gear,E117,GearMath!G117+GearMath!H117*GearMath!D$114,0.6
Gear,C118,GearMath!D118+(GearMath!E118*GearMath!$D$114),100
Gear,C121,GearMath!D121+(GearMath!E121*GearMath!$D$120),2000
Gear,E121,GearMath!G121+GearMath!H121*GearMath!D$120,3600
Gear,C122,GearMath!D122+(GearMath!E122*GearMath!$D$120),200
Gear,E122,GearMath!G122+GearMath!H122*GearMath!D$120,360
Gear,C123,GearMath!D123+(GearMath!E123*GearMath!$D$120),200
Gear,E123,GearMath!G123+GearMath!H123*GearMath!D$120,360
Gear,C124,GearMath!D124+(GearMath!E124*GearMath!$D$120),200
Gear,E124,GearMath!G124+GearMath!H124*GearMath!D$120,360
Gear,E125,GearMath!G125+GearMath!H125*GearMath!D$120,720
Gear,C128,GearMath!D128+(GearMath!E128*GearMath!$D$127),1000
Gear,E128,GearMath!G128+GearMath!H128*GearMath!D$127,360
Gear,C129,GearMath!D129+(GearMath!E129*GearMath!$D$127),500
Gear,E129,GearMath!G129+GearMath!H129*GearMath!D$127,0.12
Gear,C130,GearMath!D130+(GearMath!E130*GearMath!$D$127),100
Gear,E130,GearMath!G130+GearMath!H130*GearMath!D$127,0.12
Gear,C131,GearMath!D131+(GearMath!E131*GearMath!$D$127),500
Gear,E131,GearMath!G131+GearMath!H131*GearMath!D$127,0.18
Gear,C134,GearMath!D134+(GearMath!E134*GearMath!$D$133),1000
Gear,E134,GearMath!G134+GearMath!H134*GearMath!D$133,72
Gear,C135,GearMath!D135+(GearMath!E135*GearMath!$D$133),500
Gear,E135,GearMath!G135+GearMath!H135*GearMath!D$133,72
Gear,C136,GearMath!D136+(GearMath!E136*GearMath!$D$133),500
Gear,E136,GearMath!G136+GearMath!H136*GearMath!D$133,72
Gear,C137,GearMath!D137+(GearMath!E137*GearMath!$D$133),100
Gear,E137,GearMath!G137+GearMath!H137*GearMath!D$133,72
Gear,E138,GearMath!G138+GearMath!H138*GearMath!D$133,72
Gear,E139,GearMath!G139+GearMath!H139*GearMath!D$133,0.12
Gear,D142,"if(Gear!H141<2,0,Gear!H141-1)",0
Gear,C143,D143+(E143*$D$142),1000
Gear,G143,J143+K143*D$142,0.072
Gear,D149,"if(Gear!H146<2,0,Gear!H146-1)",0
Gear,C150,D150+(E150*$D$149),5000
Gear,G150,J150+K150*D$149,0.12
Gear,C156,GearMath!D156+(GearMath!E156*GearMath!$D$155),1000
Gear,E156,GearMath!G156+GearMath!H156*GearMath!D$155,0.096
Gear,C157,GearMath!D157+(GearMath!E157*GearMath!$D$155),100
Gear,C158,GearMath!D158+(GearMath!E158*GearMath!$D$155),500
Gear,C159,GearMath!D159+(GearMath!E159*GearMath!$D$155),100
Gear,D161,"if(Gear!H161<2,0,Gear!H161-1)",0
Gear,C162,D162+(E162*$D$161),3000
Gear,G162,J162+K162*D$161,0.12
Gear,D167,"if(Gear!H167<2,0,Gear!H167-1)",0
Gear,C168,D168+(E168*$D$167),2000
Gear,G168,J168+K168*D$167,360
Gear,D173,"if(Gear!H173<2,0,Gear!H173-1)",0
Gear,C174,D174+(E174*$D$173),1000
Gear,G174,J174+K174*D$173,0.12
Gear,C180,GearMath!D180+(GearMath!E180*GearMath!$D$179),2000
Gear,E180,GearMath!G180+GearMath!H180*GearMath!D$179,300
Gear,C181,GearMath!D181+(GearMath!E181*GearMath!$D$179),200
Gear,E181,GearMath!G181+GearMath!H181*GearMath!D$179,300
Gear,C182,GearMath!D182+(GearMath!E182*GearMath!$D$179),200
Gear,E182,GearMath!G182+GearMath!H182*GearMath!D$179,300
Gear,C183,GearMath!D183+(GearMath!E183*GearMath!$D$179),200
Gear,E183,GearMath!G183+GearMath!H183*GearMath!D$179,300
Gear,E184,GearMath!G184+GearMath!H184*GearMath!D$179,300
Gear,D186,"if(Gear!H186<2,0,Gear!H186-1)",0
Gear,C187,D187+(E187*$D$186),3000
Gear,G187,J187+K187*D$186,960
Gear,C193,GearMath!D193+(GearMath!E193*GearMath!$D$192),2000
Gear,C194,GearMath!D194+(GearMath!E194*GearMath!$D$192),200
Gear,E194,GearMath!G194+GearMath!H194*GearMath!D$192,1200
Gear,C195,GearMath!D195+(GearMath!E195*GearMath!$D$192),200
Gear,C196,GearMath!D196+(GearMath!E196*GearMath!$D$192),200
Gear,E196,GearMath!G196+GearMath!H196*GearMath!D$192,1200
GearMath,C2,"SUM(A12,A21,A47,A33,A27,A53,A59,A65,A71,A77,A84,A90,A96,A103,A109,A115,A121,A128,A134,A143,A150,A156,A162,A168,A174,A180,A187,A193,A41)",0
GearMath,C3,"SUM(A13,A22,A48,A42,A34,A28,A54,A60,A66,A72,A78,A85,A91,A97,A104,A110,A116,A122,A129,A135,A144,A151,A157,A163,A169,A175,A181,A188,A194)",0
GearMath,A12,"if(Gear!F$11=True,D12,0)",0
GearMath,A13,"if(Gear!F$11=True,D13,0)",0
GearMath,A14,"if(Gear!F$11=True,D14,0)",0
GearMath,A15,"if(Gear!F$11=True,D15,0)",0
GearMath,D20,"if(Gear!H20<2,0,Gear!H20-1)",0
GearMath,A21,"if(Gear!F$20=True,Gear!C21,0)",0
GearMath,A22,"if(Gear!F$20=True,Gear!C22,0)",0
GearMath,A23,"if(Gear!F$20=True,Gear!C23,0)",0
GearMath,A24,"if(Gear!F$20=True,Gear!C24,0)",0
GearMath,D26,"if(Gear!H26<2,0,Gear!H26-1)",0
GearMath,A27,"if(Gear!F$26=True,Gear!C27,0)",0
GearMath,A28,"if(Gear!F$26=True,Gear!C28,0)",0
GearMath,A29,"if(Gear!F$26=True,Gear!C29,0)",0
GearMath,A30,"if(Gear!F$26=True,Gear!C30,0)",0
GearMath,D32,"if(Gear!H32<2,0,Gear!H32-1)",0
GearMath,A33,"if(Gear!F$32=True,Gear!C33,0)",0
GearMath,A34,"if(Gear!F$32=True,Gear!C34,0)",0
GearMath,A35,"if(Gear!F$32=True,Gear!C35,0)",0
GearMath,A36,"if(Gear!F$32=True,Gear!C36,0)",0
GearMath,A41,"if(Gear!F$39=True,Gear!C40,0)",0
GearMath,A42,"if(Gear!F$39=True,Gear!C41,0)",0
GearMath,A43,"if(Gear!F$39=True,Gear!C42,0)",0
GearMath,A44,"if(Gear!F$39=True,Gear!C43,0)",0
GearMath,A47,"if(Gear!F$46=True,Gear!C47,0)",0
GearMath,A48,"if(Gear!F$46=True,Gear!C48,0)",0
GearMath,A49,"if(Gear!F$46=True,Gear!C49,0)",0
GearMath,A50,"if(Gear!F$46=True,Gear!C50,0)",0
GearMath,A53,"if(Gear!F$52=True,Gear!C53,0)",0
GearMath,A54,"if(Gear!F$52=True,Gear!C54,0)",0
GearMath,A55,"if(Gear!F$52=True,Gear!C55,0)",0
GearMath,A56,"if(Gear!F$52=True,Gear!C56,0)",0
GearMath,D58,"if(Gear!H58<2,0,Gear!H58-1)",0
GearMath,A59,"if(Gear!F$58=True,Gear!C59,0)",0
GearMath,A60,"if(Gear!F$58=True,Gear!C60,0)",0
GearMath,A61,"if(Gear!F$58=True,Gear!C61,0)",0
GearMath,A62,"if(Gear!F$58=True,Gear!C62,0)",0
GearMath,A65,"if(Gear!F$64=True,Gear!C65,0)",0
GearMath,A66,"if(Gear!F$64=True,Gear!C66,0)",0
GearMath,A67,"if(Gear!F$64=True,Gear!C67,0)",0
GearMath,A68,"if(Gear!F$64=True,Gear!C68,0)",0
GearMath,D70,"if(Gear!H70<2,0,Gear!H70-1)",0
GearMath,A71,"if(Gear!F$70=True,Gear!C71,0)",0
GearMath,A72,"if(Gear!F$70=True,Gear!C72,0)",0
GearMath,A73,"if(Gear!F$70=True,Gear!C73,0)",0
GearMath,A74,"if(Gear!F$70=True,Gear!C74,0)",0
GearMath,D76,"if(Gear!H76<2,0,Gear!H76-1)",0
GearMath,A77,"if(Gear!F$76=True,Gear!C77,0)",0
GearMath,A78,"if(Gear!F$76=True,Gear!C78,0)",0
GearMath,A79,"if(Gear!F$76=True,Gear!C79,0)",0
GearMath,A80,"if(Gear!F$76=True,Gear!C80,0)",0
GearMath,D83,"if(Gear!H83<2,0,Gear!H83-1)",0
GearMath,A84,"if(Gear!F$83=True,Gear!C84,0)",0
GearMath,A85,"if(Gear!F$83=True,Gear!C85,0)",0
GearMath,A86,"if(Gear!F$83=True,Gear!C86,0)",0
GearMath,A87,"if(Gear!F$83=True,Gear!C87,0)",0
GearMath,D89,"if(Gear!H89<2,0,Gear!H89-1)",0
GearMath,A90,"if(Gear!F$89=True,Gear!C90,0)",0
GearMath,A91,"if(Gear!F$89=True,Gear!C91,0)",0
GearMath,A92,"if(Gear!F$89=True,Gear!C92,0)",0
GearMath,A93,"if(Gear!F$89=True,Gear!C93,0)",0
GearMath,D95,"if(Gear!H95<2,0,Gear!H95-1)",0
GearMath,A96,"if(Gear!F$95=True,Gear!C96,0)",0
GearMath,A97,"if(Gear!F$95=True,Gear!C97,0)",0
GearMath,A98,"if(Gear!F$95=True,Gear!C98,0)",0
GearMath,A99,"if(Gear!F$95=True,Gear!C99,0)",0
GearMath,D102,"if(Gear!H102<2,0,Gear!H102-1)",0
GearMath,A103,"if(Gear!F$102=True,Gear!C103,0)",0
GearMath,A104,"if(Gear!F$102=True,Gear!C104,0)",0
GearMath,A105,"if(Gear!F$102=True,Gear!C105,0)",0
GearMath,A106,"if(Gear!F$102=True,Gear!C106,0)",0
GearMath,D108,"if(Gear!H108<2,0,Gear!H108-1)",0
GearMath,A109,"if(Gear!F$108=True,Gear!C109,0)",0
GearMath,A110,"if(Gear!F$108=True,Gear!C110,0)",0
GearMath,A111,"if(Gear!F$108=True,Gear!C111,0)",0
GearMath,A112,"if(Gear!F$108=True,Gear!C112,0)",0
GearMath,D114,"if(Gear!H114<2,0,Gear!H114-1)",0
GearMath,A115,"if(Gear!F$114=True,Gear!C115,0)",0
GearMath,A116,"if(Gear!F$114=True,Gear!C116,0)",0
GearMath,A117,"if(Gear!F$114=True,Gear!C117,0)",0
GearMath,A118,"if(Gear!F$114=True,Gear!C118,0)",0
GearMath,D120,"if(Gear!H120<2,0,Gear!H120-1)",0
GearMath,A121,"if(Gear!F$120=True,Gear!C121,0)",0
GearMath,A122,"if(Gear!F$120=True,Gear!C122,0)",0
GearMath,A123,"if(Gear!F$120=True,Gear!C123,0)",0
GearMath,A124,"if(Gear!F$120=True,Gear!C124,0)",0
GearMath,D127,"if(Gear!H127<2,0,Gear!H127-1)",0
GearMath,A128,"if(Gear!F$127=True,Gear!C128,0)",0
GearMath,A129,"if(Gear!F$127=True,Gear!C129,0)",0
GearMath,A130,"if(Gear!F$127=True,Gear!C130,0)",0
GearMath,A131,"if(Gear!F$127=True,Gear!C131,0)",0
GearMath,D133,"if(Gear!H133<2,0,Gear!H133-1)",0
GearMath,A134,"if(Gear!F$133=True,Gear!C134,0)",0
GearMath,A135,"if(Gear!F$133=True,Gear!C135,0)",0
GearMath,A136,"if(Gear!F$133=True,Gear!C136,0)",0
GearMath,A137,"if(Gear!F$133=True,Gear!C137,0)",0
GearMath,A143,"if(Gear!F$142=True,Gear!C143,0)",0
GearMath,A144,"if(Gear!F$142=True,Gear!C144,0)",0
GearMath,A145,"if(Gear!F$142=True,Gear!C145,0)",0
GearMath,A146,"if(Gear!F$142=True,Gear!C146,0)",0
GearMath,A150,"if(Gear!F$149=True,Gear!C150,0)",0
GearMath,A151,"if(Gear!F$149=True,Gear!C151,0)",0
GearMath,A152,"if(Gear!F$149=True,Gear!C152,0)",0
GearMath,A153,"if(Gear!F$149=True,Gear!C153,0)",0
GearMath,D155,"if(Gear!H155<2,0,Gear!H155-1)",0
GearMath,A156,"if(Gear!F$155=True,Gear!C156,0)",0
GearMath,A157,"if(Gear!F$155=True,Gear!C157,0)",0
GearMath,A158,"if(Gear!F$155=True,Gear!C158,0)",0
GearMath,A159,"if(Gear!F$155=True,Gear!C159,0)",0
GearMath,A162,"if(Gear!F$161=True,Gear!C162,0)",0
GearMath,A163,"if(Gear!F$161=True,Gear!C163,0)",0
GearMath,A164,"if(Gear!F$161=True,Gear!C164,0)",0
GearMath,A165,"if(Gear!F$161=True,Gear!C165,0)",0
GearMath,A168,"if(Gear!F$167=True,Gear!C168,0)",0
GearMath,A169,"if(Gear!F$167=True,Gear!C169,0)",0
GearMath,A170,"if(Gear!F$167=True,Gear!C170,0)",0
GearMath,A171,"if(Gear!F$167=True,Gear!C171,0)",0
GearMath,A174,"if(Gear!F$173=True,Gear!C174,0)",0
GearMath,A175,"if(Gear!F$173=True,Gear!C175,0)",0
GearMath,A176,"if(Gear!F$173=True,Gear!C176,0)",0
GearMath,A177,"if(Gear!F$173=True,Gear!C177,0)",0
GearMath,D179,"if(Gear!H179<2,0,Gear!H179-1)",0
GearMath,A180,"if(Gear!F$179=True,Gear!C180,0)",0
GearMath,A181,"if(Gear!F$179=True,Gear!C181,0)",0
GearMath,A182,"if(Gear!F$179=True,Gear!C182,0)",0
GearMath,A183,"if(Gear!F$179=True,Gear!C183,0)",0
GearMath,A187,"if(Gear!F$187=True,Gear!C187,0)",0
GearMath,A188,"if(Gear!F$187=True,Gear!C188,0)",0
GearMath,A189,"if(Gear!F$187=True,Gear!C189,0)",0
GearMath,A190,"if(Gear!F$187=True,Gear!C190,0)",0
GearMath,D192,"if(Gear!H192<2,0,Gear!H192-1)",0
GearMath,A193,"if(Gear!F$192=True,Gear!C193,0)",0
GearMath,A194,"if(Gear!F$192=True,Gear!C194,0)",0
GearMath,A195,"if(Gear!F$192=True,Gear!C195,0)",0
GearMath,A196,"if(Gear!F$192=True,Gear!C196,0)",0
Combat,E8,SUM(E2:E6),17815
Combat,E11,log(B3)/log(5),8.047099444
Combat,E12,log(B5)/log(5),7.750084
Combat,A21,E15,1
Combat,C21,(1+B10)*(CombatMath!H8),1240277.778
Combat,D21,CombatMath!J8,2288312.5
Combat,E21,(1+B10)*CombatMath!B21,400961.99
Combat,F21,SUM(C21:E21),3929552.268
Combat,A22,SUM(F21:F22),5982475.49
Combat,C22,"if(E16=TRUE,(1+B10)*CombatMath!H9,0)",586223.19
Combat,D22,"if(E16=TRUE,CombatMath!J9,0)",1081581.786
Combat,E22,"if(E16=TRUE,(1+B10)*CombatMath!B22,0)",385118.2462
Copy of Combat,E8,SUM(E2:E6),21742
Copy of Combat,E11,log(B3)/log(5),8.14866014
Copy of Combat,E12,log(B5)/log(5),7.82066374
Copy of Combat,A21,E15,1
Copy of Combat,C21,(1+B10)*(CombatMath!H8),98421749.6
Copy of Combat,D21,CombatMath!J8,2288312.5
Copy of Combat,E21,(1+B10)*CombatMath!B21,31818179.19
Copy of Combat,F21,SUM(C21:E21),132528241.3
Copy of Combat,A22,SUM(F21:F22),210690236.3
Copy of Combat,C22,"if(E16=TRUE,(1+B10)*CombatMath!H9,0)",46519508
Copy of Combat,D22,"if(E16=TRUE,CombatMath!J9,0)",1081581.786
Copy of Combat,E22,"if(E16=TRUE,(1+B10)*CombatMath!B22,0)",30560905.2
CombatMath,B2,Combat!I3+Combat!B2+J14,3046299
CombatMath,B3,Combat!I4+Combat!B3+J15,587314
CombatMath,E3,Combat!E2,4773
CombatMath,H3,B3-B20,454814
CombatMath,I3,$H$8*((0.5+$B$8)*(1-$B$13))*(1+B15),2288312.5
CombatMath,B4,Combat!I5+Combat!B4+J16,338722
CombatMath,E4,Combat!E3,4027
CombatMath,H4,B3*0.05,29365.7
CombatMath,I4,$H$8*((0.5+$B$8)*(1-$B$13)*(1+B15)),2288312.5
CombatMath,B5,Combat!I6+Combat!B5+J17,347470
CombatMath,E5,Combat!E4,4893
CombatMath,H5,B5-B20,214970
CombatMath,I5,$H$9*((0.5+$B$8)*(1-$B$13))*(1+B15),1081581.786
CombatMath,B6,Combat!B11,0.47
CombatMath,E6,Combat!E5,3159
CombatMath,H6,B5*0.05,17373.5
CombatMath,I6,$H$9*((0.5+$B$8)*(1-$B$13))*(1+B15),1081581.786
CombatMath,B7,Combat!B7,1.063
CombatMath,E7,Combat!E6,963
CombatMath,B8,Combat!B8,1.345
CombatMath,H8,"IF(H3>H4,H3,H4)",454814
CombatMath,I8,"IF(H3>H4,I3,I4)",2288312.5
CombatMath,J8,"if(Combat!E17=TRUE,I8,0)",2288312.5
CombatMath,E9,SUM(E3:E7),17815
CombatMath,H9,"IF(H5>H6,H5,H6)",214970
CombatMath,I9,"IF(H5>H6,I5,I6)",1081581.786
CombatMath,J9,"if(Combat!E18=TRUE,I9,0)",1081581.786
CombatMath,B11,"if(Combat!B14=0,280000000,Combat!B14)",280000000
CombatMath,E11,log(B3)/log(5),8.253387581
CombatMath,B12,"if(Combat!B15=0,250000,Combat!B15)",250000
CombatMath,E12,log(B5)/log(5),7.927260512
CombatMath,B13,"if(Combat!B16=0,0,Combat!B16)",0
CombatMath,I14,Combat!$E$15,1
CombatMath,J14,I14*Combat!I10,1156
CombatMath,B15,Combat!B10,1.727
CombatMath,I15,Combat!$E$15,1
CombatMath,J15,I15*Combat!I11,78
CombatMath,B16,Combat!I9,0.626
CombatMath,I16,Combat!$E$15,1
CombatMath,J16,I16*Combat!I12,0
CombatMath,B17,SUM(B15:B16),2.353
CombatMath,I17,Combat!$E$15,1
CombatMath,J17,I17*Combat!I13,108
CombatMath,H19,"if(Combat!E15=1,TRUE,FALSE)",True
CombatMath,B20,$B$12*(1-$B$6),132500
CombatMath,H20,"IF($H$19=TRUE,((1+($B$15+$B$16))*H8),0)",1524991.342
CombatMath,B21,$E$9*$E$11,147034.0998
CombatMath,B22,$E$9*$E$12,141224.146
Cost,A5,CostMath!A24,Diff
Cost,B5,CostMath!B24,2890
Cost,C5,CostMath!C24,4500
Cost,D5,CostMath!D24,7390
Cost,F6,CostMath!H24,3600
Cost,B8,CostMath!E24,5040000
Cost,C8,CostMath!F24,1500000
Cost,D8,CostMath!G24,6540000
Cost,B11,CostMath!I24,1
Cost,C11,CostMath!J24,9
Cost,B14,CostMath!K24,9
Cost,C14,CostMath!L24,9
Cost,B17,CostMath!N24,9
Cost,C17,CostMath!M24,9
Cost,B19,CostMath!O24,18
Cost,C19,CostMath!P24,18
Cost,B22,CostMath!Q24,18
Cost,C22,CostMath!R24,18
Cost,B24,CostMath!S24,36
Cost,C24,CostMath!T24,36
Cost,B27,CostMath!U24,36
Cost,C27,CostMath!V24,36
Cost,B29,CostMath!W24,-108
Cost,C29,CostMath!X24,-108
Cost,B32,CostMath!Y24,-108
Cost,C32,CostMath!AA24,-108
Cost,B34,CostMath!Z24,-108
Cost,C34,CostMath!AB24,-108
CostMath,B1,A1+1,2
CostMath,B3,L96,60
CostMath,I3,Q51,1
CostMath,J3,T96,1
CostMath,M3,K3,1
CostMath,O3,M3*2,2
CostMath,Q3,O3,2
CostMath,S3,Q3*2,4
CostMath,U3,S3,4
CostMath,W3,U3*2,8
CostMath,Y3,W3,8
CostMath,B4,L97,220
CostMath,M4,K4,3
CostMath,O4,M4*2,6
CostMath,Q4,O4,6
CostMath,S4,Q4*2,12
CostMath,U4,S4,12
CostMath,W4,U4*2,24
CostMath,Y4,W4,24
CostMath,B5,L98,530
CostMath,M5,K5,6
CostMath,O5,M5*2,12
CostMath,Q5,O5,12
CostMath,S5,Q5*2,24
CostMath,U5,S5,24
CostMath,W5,U5*2,48
CostMath,Y5,W5,48
CostMath,B6,L99,1050
CostMath,M6,K6,10
CostMath,O6,M6*2,20
CostMath,Q6,O6,20
CostMath,S6,Q6*2,40
CostMath,U6,S6,40
CostMath,W6,U6*2,80
CostMath,Y6,W6,80
CostMath,B7,L100,1850
CostMath,M7,K7,15
CostMath,O7,M7*2,30
CostMath,Q7,O7,30
CostMath,S7,Q7*2,60
CostMath,U7,S7,60
CostMath,W7,U7*2,120
CostMath,Y7,W7,120
CostMath,B8,L101,3010
CostMath,M8,K8,21
CostMath,O8,M8*2,42
CostMath,Q8,O8,42
CostMath,S8,Q8*2,84
CostMath,U8,S8,84
CostMath,W8,U8*2,168
CostMath,Y8,W8,168
CostMath,B9,L102,4620
CostMath,M9,K9,28
CostMath,O9,M9*2,56
CostMath,Q9,O9,56
CostMath,S9,Q9*2,112
CostMath,U9,S9,112
CostMath,W9,U9*2,224
CostMath,Y9,W9,224
CostMath,B10,L103,6790
CostMath,M10,K10,36
CostMath,O10,M10*2,72
CostMath,Q10,O10,72
CostMath,S10,Q10*2,144
CostMath,U10,S10,144
CostMath,W10,U10*2,288
CostMath,Y10,W10,288
CostMath,B11,L104,9680
CostMath,M11,K11,45
CostMath,O11,M11*2,90
CostMath,Q11,O11,90
CostMath,S11,Q11*2,180
CostMath,U11,S11,180
CostMath,B22,"VLOOKUP($D$20,$A$2:$AB$11,2,true)",6790
CostMath,C22,"VLOOKUP($D$20,$A$2:$AB$11,C1,true)",14150
CostMath,B23,"VLOOKUP($F$20,$A$2:$AB$11,2,true)",9680
CostMath,C23,"VLOOKUP($F$20,$A$2:$AB$11,C1,true)",18650
CostMath,B24,B23-B22,2890
CostMath,N37,J54,60
CostMath,O37,S56,500
CostMath,P37,SUM(N37:O37),560
CostMath,Q37,L54,120000
CostMath,R37,T56,160000
CostMath,S37,SUM(Q37:R37),280000
CostMath,T37,K54,0
CostMath,N48,SUM(P37:P45),74030
CostMath,O48,SUM(S37:S45),39180000
CostMath,N51,"SUM(N48,F122)",74552
CostMath,P51,SUM(T37:T45),12000
CostMath,S51,"MULTIPLY(D119,9)",9
CostMath,J54,SUM(C36:C37),60
CostMath,K54,"SUM(E36,E37)",0
CostMath,K55,"SUM(E37,E38)",100
CostMath,J56,"SUM(J55,C39)",310
CostMath,K56,"SUM(K55,E39)",300
CostMath,S56,"sum(C49,C50)",500
CostMath,T56,"SUM(E49,E50)",160000
CostMath,K57,"SUM(K56,E40)",600
CostMath,S57,"SUM(S56,C51)",1250
CostMath,T57,"SUM(T56,E51)",410000
CostMath,K58,"SUM(K57,E41)",1000
CostMath,K59,"SUM(K58,E42)",1500
CostMath,K60,"SUM(K59,E43)",2100
CostMath,K61,"SUM(K60,E44)",2800
CostMath,K62,"SUM(K61,E45)",3600
CostMath,J63,SUM(J55:J62),9620
CostMath,M63,SUM(M54:M61),1
CostMath,S65,SUM(S57:S64),63850
CostMath,L96,(N37*W96),60
CostMath,M96,O37,500
CostMath,N96,(M96+L96),560
CostMath,O96,Q37,120000
CostMath,Q96,SUM(O96:P96),280000
CostMath,R96,T37,0
CostMath,T96,V37,1
CostMath,X96,C37,60
CostMath,Y96,F37,120000
CostMath,L97,(L96*2)+X97,220
CostMath,O97,(O96*2)+F37,360000
CostMath,P97,R38,410000
CostMath,R97,(R96*2)+E38,100
CostMath,T97,"SUM(T96,S97)",3
CostMath,U97,"SUM(U96,W97)",3
CostMath,V97,"SUM(V96,W97)",3
CostMath,L98,((X96*3)+(X97*2)+X98),530
CostMath,O98,((Y96*W98)+(Y97*W97)+Y98),930000
CostMath,R98,R97+SUM(E38:E39),400
CostMath,L99,((X96*W99)+(X97*W98)+(X98*W97)+X99),1050
CostMath,O99,((Y96*W99)+(Y97*W98)+(Y98*W97)+Y99),1820000
CostMath,R99,R98+SUM(E38:E40),1000
CostMath,L100,((X96*W100)+(X97*W99)+(X98*W98)+(X99*W97)+X100),1850
CostMath,O100,((Y96*W100)+(Y97*W99)+(Y98*W98)+(Y99*W97)+Y100),3200000
CostMath,R100,R99+SUM(E38:E41),2000
CostMath,L101,((X96*W101)+(X97*W100)+(X98*W99)+(X99*W98)+(X100*W97)+X101),3010
CostMath,O101,((Y96*W101)+(Y97*W100)+(Y98*W99)+(Y99*W98)+(Y100*W97)+Y101),5220000
CostMath,R101,R100+SUM(E38:E42),3500
CostMath,L102,((X96*W102)+(X97*W101)+(X98*W100)+(X99*W99)+(X100*W98)+(W97*X101)+X102),4620
CostMath,O102,((Y96*W102)+(Y97*W101)+(Y98*W100)+(Y99*W99)+(Y100*W98)+(W97*Y101)+Y102),8050000
CostMath,R102,R101+SUM(E38:E43),5600
CostMath,L103,((X96*W103)+(X97*W102)+(X98*W101)+(X99*W100)+(X100*W99)+(X101*W98)+(X102*W97)+X103),6790
CostMath,O103,((Y96*W103)+(Y97*W102)+(Y98*W101)+(Y99*W100)+(Y100*W99)+(Y101*W98)+(Y102*W97)+Y103),11880000
CostMath,R103,R102+SUM(E38:E44),8400
CostMath,L104,((X96*W104)+(X97*W103)+(X98*W102)+(X99*W101)+(X100*W100)+(X101*W99)+(X102*W98)+(X103*W97)+X104),9680
CostMath,O104,((Y96*W104)+(Y97*W103)+(Y98*W102)+(Y99*W101)+(Y100*W100)+(Y101*W99)+(Y102*W98)+(Y103*W97)+Y104),16920000
CostMath,R104,R103+SUM(E38:E45),12000
CostMath,L107,N104,28330
CostMath,M107,Q104,23340000
CostMath,L110,L107 + (C122*Q107),30940
CostMath,N110,R104,12000
CostMath,Q110,Q107,45
CostMath,S110,Q110*2,90
CostMath,U110,Q110*2,90
CostMath,W110,U110*2,180
CostMath,Y110,U110*2,180
CostMath,AA110,Y110*2,360
CostMath,AC110,Z110*2,360
CostMath,AD110,Z110*2,360
CostMath,AE110,Z110*2,360
CostMath,AF110,Z110*2,360
CostMath,H113,"MULTIPLY(D110,2)",2
CostMath,H116,"MULTIPLY(D113,2)",2
CostMath,H119,"MULTIPLY(D116,2)",2
CostMath,C122,"SUM(H110,L113,P116,T119)",58
CostMath,F122,"MULTIPLY(C122,9)",522
CostMath,M122,K122+L122,360
CostMath,P122,N122+O122,240000
CostMath,F125,((23*1)+(23*2)+(5*6)+(2*20)+60),199
CostMath,C135,(($Y135+$X135)*$K$126)+(($U135+$T135)*$K$125)+(($Q135+$P135)*$K$124)+($M135*$K$123)+$K$122,199
CostMath,D135,($L$125*0)+($L$124*1)+($L$123*1)+($L$122*(K135)),730
CostMath,E135,C135+D135,929
CostMath,F135,(($X135+$X135)*$N$126)+(($U135+$T135)*$N$125)+(($Q135+$P135)*$N$124)+($M135*$N$123)+$N$122,264000
CostMath,G135,($O$125*0)+($O$124*1)+($O$123*1)+($O$122*(K135)),270000
CostMath,H135,F135+G135,534000
CostMath,K135,SUM(K136:K137),2
CostMath,N136,L136+1,1
CostMath,O136,M136,1
CostMath,P136,L136+M136,1
CostMath,Q136,L136+M136+1,2
CostMath,R136,P136*2+1,3
CostMath,S136,Q136*2,4
CostMath,U136,S136*2+1,9
CostMath,V136,T136,6
CostMath,AA136,Z136,6
CostMath,AB136,Y136,9
CostMath,AC136,AB136,9
CostMath,N137,L137,
CostMath,Q137,L137+M137,1
CostMath,R137,P137*2,2
CostMath,V137,T137,4
CostMath,C138,(($Y138+$X138)*$K$126)+(($U138+$T138)*$K$125)+(($Q138+$P138)*$K$124)+($M138*$K$123)+$K$122,199
CostMath,D138,($L$125*0)+($L$124*1)+($L$123*2)+($L$122*(K138)),830
CostMath,E138,C138+D138,1029
CostMath,F138,(($X138+$X138)*$N$126)+(($U138+$T138)*$N$125)+(($Q138+$P138)*$N$124)+($M138*$N$123)+$N$122,264000
CostMath,G138,($O$125*0)+($O$124*1)+($O$123*1)+($O$122*(K138)),270000
CostMath,H138,F138+G138,534000
CostMath,K138,SUM(K139:K140),2
CostMath,N139,L139+1,1
CostMath,O139,M139,1
CostMath,P139,L139+M139,1
CostMath,Q139,L139+M139+1,2
CostMath,R139,P139*2+1,3
CostMath,S139,Q139*2,4
CostMath,U139,S139*2+1,9
CostMath,V139,T139,6
CostMath,AA139,Z139,6
CostMath,AB139,Y139,9
CostMath,AC139,AB139,9
CostMath,N140,L140,
CostMath,Q140,L140+M140,1
CostMath,R140,P140*2,2
CostMath,V140,T140,4
CostMath,C141,(($Y141+$X141)*$K$126)+(($U141+$T141)*$K$125)+(($Q141+$P141)*$K$124)+($M141*$K$123)+$K$122,60
CostMath,D141,($L$125*0)+($L$124*1)+($L$123*1)+($L$122*(K141)),130
CostMath,E141,C141+D141,190
CostMath,F141,(($X141+$X141)*$N$126)+(($U141+$T141)*$N$125)+(($Q141+$P141)*$N$124)+($M141*$N$123)+$N$122,120000
CostMath,G141,($O$125*0)+($O$124*1)+($O$123*1)+($O$122*(K141)),30000
CostMath,H141,F141+G141,150000
CostMath,K141,SUM(K142:K143),0
CostMath,C144,(($Y144+$X144)*$K$126)+(($U144+$T144)*$K$125)+(($Q144+$P144)*$K$124)+($M144*$K$123)+$K$122,60
CostMath,D144,($L$125*0)+($L$124*1)+($L$123*1)+($L$122*(K144)),130
CostMath,E144,C144+D144,190
CostMath,F144,(($X144+$X144)*$N$126)+(($U144+$T144)*$N$125)+(($Q144+$P144)*$N$124)+($M144*$N$123)+$N$122,120000
CostMath,G144,($O$125*0)+($O$124*1)+($O$123*1)+($O$122*(K144)),30000
CostMath,H144,F144+G144,150000
CostMath,K144,SUM(K145:K146),0
CostMath,C147,(($Y147+$X147)*$K$126)+(($U147+$T147)*$K$125)+(($Q147+$P147)*$K$124)+($M147*$K$123)+$K$122,60
CostMath,D147,($L$125*0)+($L$124*1)+($L$123*1)+($L$122*(K147)),130
CostMath,E147,C147+D147,190
CostMath,F147,(($X147+$X147)*$N$126)+(($U147+$T147)*$N$125)+(($Q147+$P147)*$N$124)+($M147*$N$123)+$N$122,120000
CostMath,G147,($O$125*0)+($O$124*1)+($O$123*1)+($O$122*(K147)),30000
CostMath,H147,F147+G147,150000
CostMath,L147,SUM(L148:L149),0
CostMath,C150,(($Y150+$X150)*$K$126)+(($U150+$T150)*$K$125)+(($Q150+$P150)*$K$124)+($M150*$K$123)+$K$122,60
CostMath,D150,($L$125*0)+($L$124*1)+($L$123*1)+($L$122*(K150)),130
CostMath,E150,C150+D150,190
CostMath,F150,(($X150+$X150)*$N$126)+(($U150+$T150)*$N$125)+(($Q150+$P150)*$N$124)+($M150*$N$123)+$N$122,120000
CostMath,G150,($O$125*0)+($O$124*1)+($O$123*1)+($O$122*(K150)),30000
CostMath,H150,F150+G150,150000
CostMath,K150,SUM(K151:K152),0
CostMath,C153,(($Y153+$X153)*$K$126)+(($U153+$T153)*$K$125)+(($Q153+$P153)*$K$124)+($M153*$K$123)+$K$122,60
CostMath,D153,($L$125*0)+($L$124*1)+($L$123*1)+($L$122*(K153)),130
CostMath,E153,C153+D153,190
CostMath,F153,(($X153+$X153)*$N$126)+(($U153+$T153)*$N$125)+(($Q153+$P153)*$N$124)+($M153*$N$123)+$N$122,120000
CostMath,G153,($O$125*0)+($O$124*1)+($O$123*1)+($O$122*(K153)),30000
CostMath,H153,F153+G153,150000
CostMath,K153,SUM(K154:K155),0
CostMath,C156,(($Y156+$X156)*$K$126)+(($U156+$T156)*$K$125)+(($Q156+$P156)*$K$124)+($M156*$K$123)+$K$122,60
CostMath,D156,($L$125*0)+($L$124*1)+($L$123*1)+($L$122*(K156)),130
CostMath,E156,C156+D156,190
CostMath,F156,(($X156+$X156)*$N$126)+(($U156+$T156)*$N$125)+(($Q156+$P156)*$N$124)+($M156*$N$123)+$N$122,120000
CostMath,G156,($O$125*0)+($O$124*1)+($O$123*1)+($O$122*(K156)),30000
CostMath,H156,F156+G156,150000
CostMath,K156,SUM(K157:K158),0
CostMath,C159,(($Y159+$X159)*$K$126)+(($U159+$T159)*$K$125)+(($Q159+$P159)*$K$124)+($M159*$K$123)+$K$122,60
CostMath,D159,($L$125*0)+($L$124*1)+($L$123*1)+($L$122*(K159)),130
CostMath,E159,C159+D159,190
CostMath,F159,(($X159+$X159)*$N$126)+(($U159+$T159)*$N$125)+(($Q159+$P159)*$N$124)+($M159*$N$123)+$N$122,120000
CostMath,G159,($O$125*0)+($O$124*1)+($O$123*1)+($O$122*(K159)),30000
CostMath,H159,F159+G159,150000
CostMath,K159,SUM(K160:K161),0
CostMath,C162,(($Y162+$X162)*$K$126)+(($U162+$T162)*$K$125)+(($Q162+$P162)*$K$124)+($M162*$K$123)+$K$122,60
CostMath,D162,($L$125*0)+($L$124*1)+($L$123*1)+($L$122*(K162)),130
CostMath,E162,C162+D162,190
CostMath,F162,(($X162+$X162)*$N$126)+(($U162+$T162)*$N$125)+(($Q162+$P162)*$N$124)+($M162*$N$123)+$N$122,120000
CostMath,G162,($O$125*0)+($O$124*1)+($O$123*1)+($O$122*(K162)),30000
CostMath,H162,F162+G162,150000
CostMath,K162,SUM(K163:K164),0
CostMath,C165,(($Y165+$X165)*$K$126)+(($U165+$T165)*$K$125)+(($Q165+$P165)*$K$124)+($M165*$K$123)+$K$122,60
CostMath,D165,($L$125*0)+($L$124*1)+($L$123*1)+($L$122*(K165)),130
CostMath,E165,C165+D165,190
CostMath,F165,(($X165+$X165)*$N$126)+(($U165+$T165)*$N$125)+(($Q165+$P165)*$N$124)+($M165*$N$123)+$N$122,120000
CostMath,G165,($O$125*0)+($O$124*1)+($O$123*1)+($O$122*(K165)),30000
CostMath,H165,F165+G165,150000
CostMath,K165,SUM(K166:K167),0
CostMath,C168,(($Y168+$X168)*$K$126)+(($U168+$T168)*$K$125)+(($Q168+$P168)*$K$124)+($M168*$K$123)+$K$122,60
CostMath,D168,($L$125*0)+($L$124*1)+($L$123*1)+($L$122*(K168)),130
CostMath,E168,C168+D168,190
CostMath,F168,(($X168+$X168)*$N$126)+(($U168+$T168)*$N$125)+(($Q168+$P168)*$N$124)+($M168*$N$123)+$N$122,120000
CostMath,G168,($O$125*0)+($O$124*1)+($O$123*1)+($O$122*(K168)),30000
CostMath,H168,F168+G168,150000
CostMath,K168,SUM(K169:K170),0
CostMath,C171,(($Y171+$X171)*$K$126)+(($U171+$T171)*$K$125)+(($Q171+$P171)*$K$124)+($M171*$K$123)+$K$122,60
CostMath,D171,($L$125*0)+($L$124*1)+($L$123*1)+($L$122*(K171)),130
CostMath,E171,C171+D171,190
CostMath,F171,(($X171+$X171)*$N$126)+(($U171+$T171)*$N$125)+(($Q171+$P171)*$N$124)+($M171*$N$123)+$N$122,120000
CostMath,G171,($O$125*0)+($O$124*1)+($O$123*1)+($O$122*(K171)),30000
CostMath,H171,F171+G171,150000
CostMath,K171,SUM(K172:K173),0
CostMath,C174,(($Y174+$X174)*$K$126)+(($U174+$T174)*$K$125)+(($Q174+$P174)*$K$124)+($M174*$K$123)+$K$122,60
CostMath,D174,($L$125*0)+($L$124*1)+($L$123*1)+($L$122*(K174)),130
CostMath,E174,C174+D174,190
CostMath,F174,(($X174+$X174)*$N$126)+(($U174+$T174)*$N$125)+(($Q174+$P174)*$N$124)+($M174*$N$123)+$N$122,120000
CostMath,G174,($O$125*0)+($O$124*1)+($O$123*1)+($O$122*(K174)),30000
CostMath,H174,F174+G174,150000
CostMath,K174,SUM(K175:K176),0
CostMath,C177,(($Y177+$X177)*$K$126)+(($U177+$T177)*$K$125)+(($Q177+$P177)*$K$124)+($M177*$K$123)+$K$122,60
CostMath,D177,($L$125*0)+($L$124*1)+($L$123*1)+($L$122*(K177)),130
CostMath,E177,C177+D177,190
CostMath,F177,(($X177+$X177)*$N$126)+(($U177+$T177)*$N$125)+(($Q177+$P177)*$N$124)+($M177*$N$123)+$N$122,120000
CostMath,G177,($O$125*0)+($O$124*1)+($O$123*1)+($O$122*(K177)),30000
CostMath,H177,F177+G177,150000
CostMath,K177,SUM(K178:K179),0
CostMath,C180,(($Y180+$X180)*$K$126)+(($U180+$T180)*$K$125)+(($Q180+$P180)*$K$124)+($M180*$K$123)+$K$122,60
CostMath,D180,($L$125*0)+($L$124*1)+($L$123*1)+($L$122*(K180)),130
CostMath,E180,C180+D180,190
CostMath,F180,(($X180+$X180)*$N$126)+(($U180+$T180)*$N$125)+(($Q180+$P180)*$N$124)+($M180*$N$123)+$N$122,120000
CostMath,G180,($O$125*0)+($O$124*1)+($O$123*1)+($O$122*(K180)),30000
CostMath,H180,F180+G180,150000
CostMath,K180,SUM(K181:K182),0
CostMath,C183,(($Y183+$X183)*$K$126)+(($U183+$T183)*$K$125)+(($Q183+$P183)*$K$124)+($M183*$K$123)+$K$122,60
CostMath,D183,($L$125*0)+($L$124*1)+($L$123*1)+($L$122*(K183)),130
CostMath,E183,C183+D183,190
CostMath,F183,(($X183+$X183)*$N$126)+(($U183+$T183)*$N$125)+(($Q183+$P183)*$N$124)+($M183*$N$123)+$N$122,120000
CostMath,G183,($O$125*0)+($O$124*1)+($O$123*1)+($O$122*(K183)),30000
CostMath,H183,F183+G183,150000
CostMath,K183,SUM(K184:K185),0
CostMath,C186,(($Y186+$X186)*$K$126)+(($U186+$T186)*$K$125)+(($Q186+$P186)*$K$124)+($M186*$K$123)+$K$122,60
CostMath,D186,($L$125*0)+($L$124*1)+($L$123*1)+($L$122*(K186)),130
CostMath,E186,C186+D186,190
CostMath,F186,(($X186+$X186)*$N$126)+(($U186+$T186)*$N$125)+(($Q186+$P186)*$N$124)+($M186*$N$123)+$N$122,120000
CostMath,G186,($O$125*0)+($O$124*1)+($O$123*1)+($O$122*(K186)),30000
CostMath,H186,F186+G186,150000
CostMath,K186,SUM(K187:K188),0
CostMath,C189,(($Y189+$X189)*$K$126)+(($U189+$T189)*$K$125)+(($Q189+$P189)*$K$124)+($M189*$K$123)+$K$122,60
CostMath,D189,($L$125*0)+($L$124*1)+($L$123*1)+($L$122*(K189)),130
CostMath,E189,C189+D189,190
CostMath,F189,(($X189+$X189)*$N$126)+(($U189+$T189)*$N$125)+(($Q189+$P189)*$N$124)+($M189*$N$123)+$N$122,120000
CostMath,G189,($O$125*0)+($O$124*1)+($O$123*1)+($O$122*(K189)),30000
CostMath,H189,F189+G189,150000
CostMath,K189,SUM(K190:K191),0
CostMath,C192,(($Y192+$X192)*$K$126)+(($U192+$T192)*$K$125)+(($Q192+$P192)*$K$124)+($M192*$K$123)+$K$122,60
CostMath,D192,($L$125*0)+($L$124*1)+($L$123*1)+($L$122*(K192)),130
CostMath,E192,C192+D192,190
CostMath,F192,(($X192+$X192)*$N$126)+(($U192+$T192)*$N$125)+(($Q192+$P192)*$N$124)+($M192*$N$123)+$N$122,120000
CostMath,G192,($O$125*0)+($O$124*1)+($O$123*1)+($O$122*(K192)),30000
CostMath,H192,F192+G192,150000
CostMath,K192,SUM(K193:K194),0
CostMath,C195,(($Y195+$X195)*$K$126)+(($U195+$T195)*$K$125)+(($Q195+$P195)*$K$124)+($M195*$K$123)+$K$122,60
CostMath,D195,($L$125*0)+($L$124*1)+($L$123*1)+($L$122*(K195)),130
CostMath,E195,C195+D195,190
CostMath,F195,(($X195+$X195)*$N$126)+(($U195+$T195)*$N$125)+(($Q195+$P195)*$N$124)+($M195*$N$123)+$N$122,120000
CostMath,G195,($O$125*0)+($O$124*1)+($O$123*1)+($O$122*(K195)),30000
CostMath,H195,F195+G195,150000
CostMath,K195,SUM(K196:K197),0
CostMath,C198,(($Y198+$X198)*$K$126)+(($U198+$T198)*$K$125)+(($Q198+$P198)*$K$124)+($M198*$K$123)+$K$122,60
CostMath,D198,($L$125*0)+($L$124*1)+($L$123*1)+($L$122*(K198)),130
CostMath,E198,C198+D198,190
CostMath,F198,(($X198+$X198)*$N$126)+(($U198+$T198)*$N$125)+(($Q198+$P198)*$N$124)+($M198*$N$123)+$N$122,120000
CostMath,G198,($O$125*0)+($O$124*1)+($O$123*1)+($O$122*(K198)),30000
CostMath,H198,F198+G198,150000
CostMath,K198,SUM(K199:K200),0
CostMath,C201,(($Y201+$X201)*$K$126)+(($U201+$T201)*$K$125)+(($Q201+$P201)*$K$124)+($M201*$K$123)+$K$122,60
CostMath,D201,($L$125*0)+($L$124*1)+($L$123*1)+($L$122*(K201)),130
CostMath,E201,C201+D201,190
CostMath,F201,(($X201+$X201)*$N$126)+(($U201+$T201)*$N$125)+(($Q201+$P201)*$N$124)+($M201*$N$123)+$N$122,120000
CostMath,G201,($O$125*0)+($O$124*1)+($O$123*1)+($O$122*(K201)),30000
CostMath,H201,F201+G201,150000
CostMath,K201,SUM(K202:K203),0
CostMath,C204,(($Y204+$X204)*$K$126)+(($U204+$T204)*$K$125)+(($Q204+$P204)*$K$124)+($M204*$K$123)+$K$122,60
CostMath,D204,($L$125*0)+($L$124*1)+($L$123*1)+($L$122*(K204)),130
CostMath,E204,C204+D204,190
CostMath,F204,(($X204+$X204)*$N$126)+(($U204+$T204)*$N$125)+(($Q204+$P204)*$N$124)+($M204*$N$123)+$N$122,120000
CostMath,G204,($O$125*0)+($O$124*1)+($O$123*1)+($O$122*(K204)),30000
CostMath,H204,F204+G204,150000
CostMath,K204,SUM(K205:K206),0
CostMath,C207,(($Y207+$X207)*$K$126)+(($U207+$T207)*$K$125)+(($Q207+$P207)*$K$124)+($M207*$K$123)+$K$122,60
CostMath,D207,($L$125*0)+($L$124*1)+($L$123*1)+($L$122*(K207)),130
CostMath,E207,C207+D207,190
CostMath,F207,(($X207+$X207)*$N$126)+(($U207+$T207)*$N$125)+(($Q207+$P207)*$N$124)+($M207*$N$123)+$N$122,120000
CostMath,G207,($O$125*0)+($O$124*1)+($O$123*1)+($O$122*(K207)),30000
CostMath,H207,F207+G207,150000
CostMath,K207,SUM(K208:K209),0
CostMath,C210,(($Y210+$X210)*$K$126)+(($U210+$T210)*$K$125)+(($Q210+$P210)*$K$124)+($M210*$K$123)+$K$122,60
CostMath,D210,($L$125*0)+($L$124*1)+($L$123*1)+($L$122*(K210)),130
CostMath,E210,C210+D210,190
CostMath,F210,(($X210+$X210)*$N$126)+(($U210+$T210)*$N$125)+(($Q210+$P210)*$N$124)+($M210*$N$123)+$N$122,120000
CostMath,G210,($O$125*0)+($O$124*1)+($O$123*1)+($O$122*(K210)),30000
CostMath,H210,F210+G210,150000
CostMath,K210,SUM(K211:K212),0
CostMath,C213,(($Y213+$X213)*$K$126)+(($U213+$T213)*$K$125)+(($Q213+$P213)*$K$124)+($M213*$K$123)+$K$122,60
CostMath,D213,($L$125*0)+($L$124*1)+($L$123*1)+($L$122*(K213)),130
CostMath,E213,C213+D213,190
CostMath,F213,(($X213+$X213)*$N$126)+(($U213+$T213)*$N$125)+(($Q213+$P213)*$N$124)+($M213*$N$123)+$N$122,120000
CostMath,G213,($O$125*0)+($O$124*1)+($O$123*1)+($O$122*(K213)),30000
CostMath,H213,F213+G213,150000
CostMath,K213,SUM(K214:K215),0
CostMath,C216,(($Y216+$X216)*$K$126)+(($U216+$T216)*$K$125)+(($Q216+$P216)*$K$124)+($M216*$K$123)+$K$122,60
CostMath,D216,($L$125*0)+($L$124*1)+($L$123*1)+($L$122*(K216)),130
CostMath,E216,C216+D216,190
CostMath,F216,(($X216+$X216)*$N$126)+(($U216+$T216)*$N$125)+(($Q216+$P216)*$N$124)+($M216*$N$123)+$N$122,120000
CostMath,G216,($O$125*0)+($O$124*1)+($O$123*1)+($O$122*(K216)),30000
CostMath,H216,F216+G216,150000
CostMath,K216,SUM(K217:K218),0
CostMath,C219,(($Y219+$X219)*$K$126)+(($U219+$T219)*$K$125)+(($Q219+$P219)*$K$124)+($M219*$K$123)+$K$122,60
CostMath,D219,($L$125*0)+($L$124*1)+($L$123*1)+($L$122*(K219)),130
CostMath,E219,C219+D219,190
CostMath,F219,(($X219+$X219)*$N$126)+(($U219+$T219)*$N$125)+(($Q219+$P219)*$N$124)+($M219*$N$123)+$N$122,120000
CostMath,G219,($O$125*0)+($O$124*1)+($O$123*1)+($O$122*(K219)),30000
CostMath,H219,F219+G219,150000
CostMath,K219,SUM(K220:K221),0
